"id","product","title","url"
126277,"0:fluorescent-ring-light","Fluorescent Ring Light","fluorescent-ring-light"
91840,"0:spdt-relay-12v","Spdt Relay 12v","spdt-relay-12v"
15735,"0:quinny-zapp-xtra","Quinny Zapp Xtra","quinny-zapp-xtra"
57979,"0:picasso-drawing-signed","Picasso Drawing Signed","picasso-drawing-signed"
121453,"0:land-rover-discovery-air-bag","Land Rover Discovery Air Bag","land-rover-discovery-air-bag"
106550,"0:bestop-trektop-nx","Bestop Trektop Nx","bestop-trektop-nx"
42558,"0:tahari-sheets","Tahari Sheets","tahari-sheets"
42544,"0:tin-ceiling-tiles","Tin Ceiling Tiles","tin-ceiling-tiles"
50752,"0:teaching-textbooks-math-5","Teaching Textbooks Math 5","teaching-textbooks-math-5"
106116,"0:women-polka-dot-dress","Women Polka Dot Dress","women-polka-dot-dress"
52146,"0:honda-fourtrax-300-gas-tank","Honda Fourtrax 300 Gas Tank","honda-fourtrax-300-gas-tank"
24825,"0:kipling-bag","Kipling Bag","kipling-bag"
23876,"0:wedge-flip-flops","Wedge Flip Flops","wedge-flip-flops"
144844,"0:patent-leather-oxford-shoes","Patent Leather Oxford Shoes","patent-leather-oxford-shoes"
122341,"0:copper-bird-bath","Copper Bird Bath","copper-bird-bath"
26749,"0:cosmos-carl-sagan","Cosmos Carl Sagan","cosmos-carl-sagan"
121445,"0:beckett-waterfall-pump","Beckett Waterfall Pump","beckett-waterfall-pump"
144048,"0:pedal-cable","Pedal Cable","pedal-cable"
121962,"0:walbro-inline-fuel-pump","Walbro Inline Fuel Pump","walbro-inline-fuel-pump"
34941,"0:masters-cups","Masters Cups","masters-cups"
18647,"0:ambiance-apparel","Ambiance Apparel","ambiance-apparel"
147441,"0:ford-spider-gears","Ford Spider Gears","ford-spider-gears"
68634,"0:blank-mini-cd","Blank Mini Cd","blank-mini-cd"
142519,"0:chevy-wheel-decals","Chevy Wheel Decals","chevy-wheel-decals"
132949,"0:intel-8088","Intel 8088","intel-8088"
88353,"0:disney-bed-sheets","Disney Bed Sheets","disney-bed-sheets"
126223,"0:12-volt-4-amp-power-supply","12 Volt 4 Amp Power Supply","12-volt-4-amp-power-supply"
94144,"0:kawasaki-jet-ski-cover","Kawasaki Jet Ski Cover","kawasaki-jet-ski-cover"
61520,"0:mens-linen-pants-36","Mens Linen Pants 36","mens-linen-pants-36"
131445,"0:square-rug-3x3","Square Rug 3x3","square-rug-3x3"
39510,"0:pyrex-corning-vision-ware","Pyrex Corning Vision Ware","pyrex-corning-vision-ware"
62084,"0:vitamix-container","Vitamix Container","vitamix-container"
65683,"0:lottie-dottie-jewelry","Lottie Dottie Jewelry","lottie-dottie-jewelry"
38707,"0:dewalt-20v-drill-combo","Dewalt 20v Drill Combo","dewalt-20v-drill-combo"
44321,"0:the-history-of-whoo-hwa-hyun","The History Of Whoo Hwa Hyun","the-history-of-whoo-hwa-hyun"
41908,"0:jaguar-hood-ornament","Jaguar Hood Ornament","jaguar-hood-ornament"
66764,"0:macbook-pro-ram","Macbook Pro Ram","macbook-pro-ram"
77785,"0:intervalometer-canon","Intervalometer Canon","intervalometer-canon"
64909,"0:penn-fathom-master","Penn Fathom Master","penn-fathom-master"
1314,"0:sony-playstation-1-games","Sony Playstation 1 Games","sony-playstation-1-games"
83727,"0:76mm-wheels-ripstik","76mm Wheels Ripstik","76mm-wheels-ripstik"
83162,"0:dog-warning-signs","Dog Warning Signs","dog-warning-signs"
125987,"0:haier-portable-air-conditioner","Haier Portable Air Conditioner","haier-portable-air-conditioner"
128261,"0:fur-gilet","Fur Gilet","fur-gilet"
142929,"0:adolescence-santrock","Adolescence Santrock","adolescence-santrock"
75200,"0:prius-navigation","Prius Navigation","prius-navigation"
118977,"0:rolled-youth-baseball-bat","Rolled Youth Baseball Bat","rolled-youth-baseball-bat"
144008,"0:bicycle-figurine","Bicycle Figurine","bicycle-figurine"
14767,"0:class-c-rv","Class C Rv","class-c-rv"
119721,"0:pressure-washer-pump-kit","Pressure Washer Pump Kit","pressure-washer-pump-kit"
95943,"0:bar-rail-mat","Bar Rail Mat","bar-rail-mat"
113043,"0:yamaha-r6-side-panel","Yamaha R6 Side Panel","yamaha-r6-side-panel"
35843,"0:plus-size-leotard","Plus Size Leotard","plus-size-leotard"
50257,"0:honda-pilot-side-steps","Honda Pilot Side Steps","honda-pilot-side-steps"
144179,"0:alarm-wire-22-2","Alarm Wire 22 2","alarm-wire-22-2"
66347,"0:fsa-k-force-light-seatpost","Fsa K Force Light Seatpost","fsa-k-force-light-seatpost"
40693,"0:emachines-e725-battery","Emachines E725 Battery","emachines-e725-battery"
85861,"0:01-dodge-durango-headlights","01 Dodge Durango Headlights","01-dodge-durango-headlights"
17245,"0:antique-ice-box-refrigerator","Antique Ice Box Refrigerator","antique-ice-box-refrigerator"
17601,"0:horse-cart","Horse Cart","horse-cart"
52983,"0:lacoste-alisos","Lacoste Alisos","lacoste-alisos"
110038,"0:kobe-7-all-star","Kobe 7 All Star","kobe-7-all-star"
504,"0:lego-ninjago-minifigures","Lego Ninjago Minifigures","lego-ninjago-minifigures"
51663,"0:boat-pennant","Boat Pennant","boat-pennant"
95108,"0:grill-rotisserie-kit","Grill Rotisserie Kit","grill-rotisserie-kit"
7458,"0:used-pointe-shoes","Used Pointe Shoes","used-pointe-shoes"
86320,"0:small-side-table","Small Side Table","small-side-table"
128814,"0:rev-x-oil-additive","Rev X Oil Additive","rev-x-oil-additive"
4845,"0:rabbit-fur-vest","Rabbit Fur Vest","rabbit-fur-vest"
102170,"0:surgical-magnifying-glasses","Surgical Magnifying Glasses","surgical-magnifying-glasses"
60652,"0:kodak-duaflex","Kodak Duaflex","kodak-duaflex"
119691,"0:mens-gap-jeans-1969-boot-cut","Mens Gap Jeans 1969 Boot Cut","mens-gap-jeans-1969-boot-cut"
17488,"0:women-s-hooded-down-coats","Women S Hooded Down Coats","women-s-hooded-down-coats"
99310,"0:cake-pops","Cake Pops","cake-pops"
60190,"0:hp-920xl-black-officejet-ink-cartridge","Hp 920xl Black Officejet Ink Cartridge","hp-920xl-black-officejet-ink-cartridge"
19685,"0:lawn-garden-tractor-used","Lawn Garden Tractor Used","lawn-garden-tractor-used"
136304,"0:roll-n-lock-bed-cover","Roll N Lock Bed Cover","roll-n-lock-bed-cover"
619,"0:mockingjay-pin","Mockingjay Pin","mockingjay-pin"
102696,"0:ktm-250-sxf-motor","Ktm 250 Sxf Motor","ktm-250-sxf-motor"
29641,"0:traxxas-lipo-battery","Traxxas Lipo Battery","traxxas-lipo-battery"
36827,"0:vintage-pearl-brooch","Vintage Pearl Brooch","vintage-pearl-brooch"
110739,"0:bamboo-arrow-shafts","Bamboo Arrow Shafts","bamboo-arrow-shafts"
97773,"0:van-gogh-book","Van Gogh Book","van-gogh-book"
35014,"0:clear-plastic-plates","Clear Plastic Plates","clear-plastic-plates"
37250,"0:image-skincare","Image Skincare","image-skincare"
8163,"0:girls-high-top-sneakers","Girls High Top Sneakers","girls-high-top-sneakers"
101427,"0:womens-western-belts-brown","Womens Western Belts Brown","womens-western-belts-brown"
7164,"0:gold-herringbone-chain","Gold Herringbone Chain","gold-herringbone-chain"
140518,"0:wahl-replacement-blades","Wahl Replacement Blades","wahl-replacement-blades"
33180,"0:modcloth","Modcloth","modcloth"
77984,"0:portable-herb-vaporizer","Portable Herb Vaporizer","portable-herb-vaporizer"
71332,"0:dell-xps-15-l502x-battery","Dell Xps 15 L502x Battery","dell-xps-15-l502x-battery"
98297,"0:fabric-shaver","Fabric Shaver","fabric-shaver"
19928,"0:obagi-c-serum","Obagi C Serum","obagi-c-serum"
133558,"0:rcexl-ignition","Rcexl Ignition","rcexl-ignition"
69749,"0:womens-cello-jeans","Womens Cello Jeans","womens-cello-jeans"
107880,"0:epiphone-les-paul-parts","Epiphone Les Paul Parts","epiphone-les-paul-parts"
68196,"0:tailgate-backup-camera","Tailgate Backup Camera","tailgate-backup-camera"
87018,"0:perry-miniatures","Perry Miniatures","perry-miniatures"
38522,"0:ford-6-disc-cd-changer","Ford 6 Disc Cd Changer","ford-6-disc-cd-changer"
